{"global_step": 81915, "_timestamp": 1719392344.718648, "rollout/rewards": 0.0, "rollout/scaled_rewards": 0.0, "rollout/actions_0": 0.3552607297897339, "rollout/clipped_actions_0": 0.3552607297897339, "_runtime": 313.6871089935303, "_step": 16382, "rollout/disc_rew_sum_mean": 0.2911102771759033, "rollout/ep_len_mean": 200.0, "rollout/ep_rew_mean": 154.5, "rollout/ep_rew_mean_norm": 0.7724999785423279, "time/fps": 270.0, "train/entropy_loss_": -1.4548031091690063, "train/learning_rate": 0.0010000000474974513, "train/approx_kl": 0.010349930264055729, "train/clip_fraction": 0.09271484613418579, "train/clip_range": 0.20000000298023224, "train/entropy_loss": -1.4690030813217163, "train/explained_variance": -0.009320259094238281, "train/loss": 0.5509089827537537, "train/policy_gradient_loss": -0.007042460609227419, "train/std": 1.0364855527877808, "train/value_loss": 0.900779664516449}